tconst	titleType	primaryTitle	originalTitle	isAdult	startYear	endYear	runtimeMinutes	genres
tt30802417	tvEpisode	Episode #4.14	Episode #4.14	0	2024		50	Reality-TV
tt11401320	tvEpisode	Episode #1.17	Episode #1.17	0	2019			Comedy,Reality-TV,Romance
tt34625727	tvMiniSeries	Twisted screens: Analog Horror	Twisted screens: Analog Horror	0	2025			Horror
tt12153574	tvEpisode	Episode dated 26 November 1997	Episode dated 26 November 1997	0	1997			Talk-Show
tt5241308	tvEpisode	Episode dated 2 October 2014	Episode dated 2 October 2014	0	2014			Comedy,News,Talk-Show
tt6279676	tvEpisode	Jenna in Double-Crossed Into Bondage	Jenna in Double-Crossed Into Bondage	1	2010			Adult
tt8667556	video	The Fantômas/Melvins Big Band: Live from London 2006	The Fantômas/Melvins Big Band: Live from London 2006	0	2008		78	Music
tt0939365	tvEpisode	Nashville Classics	Nashville Classics	0	2003			Game-Show,Music,Reality-TV
tt5370452	tvEpisode	Les Charlots	Les Charlots	0	2008			Talk-Show
tt1202871	tvEpisode	Episode dated 26 February 2008	Episode dated 26 February 2008	0	2008			News
tt15933096	tvEpisode	10. okt. 2019 kl. 20:55	10. okt. 2019 kl. 20:55	0	2019			News
tt2930716	tvEpisode	Witchcraft VII: Judgement Hour	Witchcraft VII: Judgement Hour	0	2013		25	Comedy,Family,Fantasy
tt13442986	tvEpisode	Episode #3.46	Episode #3.46	0				Music,Talk-Show
tt9172046	tvEpisode	Episode #1.52	Episode #1.52	0	2005			Action,Fantasy,Thriller
tt0966979	tvEpisode	Party Dress	Party Dress	0	1953		30	Comedy,Family
tt13985908	short	Death of a Marriage	Death of a Marriage	0	1969		3	Short
tt27874910	tvEpisode	Episode #2.50	Episode #2.50	0				Talk-Show
tt13965854	tvEpisode	Episode #1.1396	Episode #1.1396	0				Comedy
tt16407454	tvEpisode	Episode #1.136	Episode #1.136	0				Drama
tt26253082	tvEpisode	Episode #1.28	Episode #1.28	0				Comedy
tt0798534	tvEpisode	Gedwongen keuzes	Gedwongen keuzes	0	2002			Comedy,Drama,Romance
tt20231168	tvEpisode	Cao qu meiying. Part 10	Cao qu meiying. Part 10	0	2008			Crime,Drama,History
tt10208114	tvEpisode	Aflevering 6	Aflevering 6	0	2019			Drama
tt11715244	tvEpisode	Episode #1.1540	Episode #1.1540	0			22	Comedy
tt32693962	tvEpisode	Episode #6.1	Episode #6.1	0	2019			Reality-TV
tt30869363	tvEpisode	I'm Not Cool Because I'm Highly Educated	I'm Not Cool Because I'm Highly Educated	0	2023			Romance
tt12605428	tvEpisode	¿Y Nito? Los Todólogos/El Nuevo Hospital Sin Sábanas: Zebedesde Casa/Aprende a Hablar Panameño	¿Y Nito? Los Todólogos/El Nuevo Hospital Sin Sábanas: Zebedesde Casa/Aprende a Hablar Panameño	0	2020			Comedy,Talk-Show
tt13427090	tvEpisode	Episode #7.14	Episode #7.14	0	2012			Family,Fantasy
tt8277358	tvEpisode	Sam 2	Sam 2	0	2018			Comedy,Romance
tt1920250	tvEpisode	Episode dated 16 August 2000	Episode dated 16 August 2000	0	2000			Game-Show
tt8688932	short	A Most Unfortunate Face	A Most Unfortunate Face	0	2019			Comedy,Short
tt32411108	tvEpisode	Folge vom 13. Mai 2024	Folge vom 13. Mai 2024	0	2024			News
tt5867862	tvEpisode	Wholly Kabob Shirazi Salad	Wholly Kabob Shirazi Salad	0	2015			Reality-TV
tt30334275	tvEpisode	Kamara	Kamara	0	2022		13	Documentary,Music
tt0470320	video	Hard Corps 2	Hard Corps 2	1	2005		120	Adult
tt7032714	tvEpisode	Helping Hand	Helping Hand	1	2014			Adult,Comedy
tt13590128	tvEpisode	Episode #1.3393	Episode #1.3393	0				News
tt5602394	tvEpisode	Episode #1.6	Episode #1.6	0	1957			Game-Show
tt11028312	short	Behind the Scenes - Christmas in Rome	Behind the Scenes - Christmas in Rome	0	2019		3	Short
tt9260354	tvEpisode	Justin Hartley/Dominic West/Elle King/Migos	Justin Hartley/Dominic West/Elle King/Migos	0	2018		39	Comedy,Talk-Show
tt1281014	tvEpisode	Episode #6.21	Episode #6.21	0	1977		44	Family,Game-Show
tt8741732	tvEpisode	Workout Facial	Workout Facial	1	2018			Adult
tt28468247	tvEpisode	Lifeboatmen	Lifeboatmen	0	1987		10	Documentary,Family
tt14160854	short	Glance from the Edge	Glance from the Edge	0	2021		25	Adventure,Fantasy,Short
tt5967950	tvEpisode	Chicken Feet	Chicken Feet	0	2016			Comedy,Reality-TV,Short
tt14571886	tvEpisode	Le Pharaon: Roi-prêtre de l'ancienne Égypte	Le Pharaon: Roi-prêtre de l'ancienne Égypte	0	1985		55	Documentary
tt0524730	tvEpisode	The Darkest Hour	The Darkest Hour	0	2003		50	Crime,Drama,Mystery
tt0741661	tvEpisode	South Beach, Miami	South Beach, Miami	0	2002			Documentary,Family,Music
tt7392482	tvEpisode	Panchayat is called	Panchayat is called	0				Drama
tt6344256	short	Dogboy	Dogboy	0	2017		22	Documentary,Short
tt3221782	tvEpisode	Episode dated 2 October 2013	Episode dated 2 October 2013	0	2013		60	Talk-Show
tt28632934	tvEpisode	Tuure Kilpeläinen ja Kaihon karavaani	Tuure Kilpeläinen ja Kaihon karavaani	0	2023			Music
tt18921450	tvEpisode	Episode #1.404	Episode #1.404	0				Talk-Show
tt12712216	movie	Las Muchachas	Las Muchachas	0	2013			Documentary
tt26537206	tvEpisode	Episode #4.86	Episode #4.86	0	2023			Game-Show
tt32564678	tvEpisode	NAWET GORSZE ZAPYTAJ BECZKE	NAWET GORSZE ZAPYTAJ BECZKE	0	2017			Comedy,Talk-Show
tt5211466	tvEpisode	Episode dated 16 April 1953	Episode dated 16 April 1953	0	1953			Action,Adventure,Family
tt34691503	tvEpisode	S1E3	S1E3	0	2014			Comedy
tt0719717	tvEpisode	Episode dated 5 November 2003	Episode dated 5 November 2003	0	2003			Talk-Show
tt32253474	tvEpisode	A Bucket of Blood '59	A Bucket of Blood '59	0	1972			Comedy,Drama,Fantasy
tt30224247	tvEpisode	Stefan Sauk	Stefan Sauk	0	2004			Talk-Show
tt13331946	tvEpisode	The First Wave	The First Wave	0	2021		44	Comedy,Drama,Horror
tt9247010	tvEpisode	Episode #1.2	Episode #1.2	0	2005			Drama,Fantasy
tt0010483	movie	More Deadly Than the Male	More Deadly Than the Male	0	1919		50	Adventure,Comedy,Drama
tt8465168	tvEpisode	Episode #1.88	Episode #1.88	0	1969			
tt7442894	tvEpisode	Akash saves Meethi from his family	Akash saves Meethi from his family	0				Drama
tt11920704	tvEpisode	Episode #3.125	Episode #3.125	0	2019			Drama
tt30197644	tvEpisode	Episode #1.561	Episode #1.561	0	2023			Comedy,Drama
tt29578473	tvEpisode	Episode #1.2508	Episode #1.2508	0				Reality-TV
tt1590353	tvEpisode	Servant of God: German Painter, Berthold Imhoff	Servant of God: German Painter, Berthold Imhoff	0	2001			Biography,Documentary,Drama
tt12742022	tvEpisode	Episode dated 24 July 2020	Episode dated 24 July 2020	0	2020			News,Talk-Show
tt30210261	tvEpisode	Episode #1.5	Episode #1.5	0	2023			Reality-TV
tt4444434	tvEpisode	Philadelphia Eagles vs. Phoenix Cardinals	Philadelphia Eagles vs. Phoenix Cardinals	0	1990			Sport
tt35251925	tvEpisode	(Jeux sans Frontieres) International Heat: Aix-Ies-Bains	(Jeux sans Frontieres) International Heat: Aix-Ies-Bains	0	1974			Game-Show
tt27677945	tvEpisode	Episode #2.9	Episode #2.9	0	2023			Drama
tt14372052	tvEpisode	Phyllida Barlow	Phyllida Barlow	0	2017			Biography,Documentary
tt9038020	tvEpisode	Episode #4.23	Episode #4.23	0	2018		44	Game-Show
tt31961273	tvEpisode	Valerie Bertinelli/Sonequa Martin-Green/Wilson Cruz	Valerie Bertinelli/Sonequa Martin-Green/Wilson Cruz	0	2024			Talk-Show
tt33037902	tvMiniSeries	Forbidden Alpha: Luna's Destiny	Forbidden Alpha: Luna's Destiny	0	2024	2024		Drama
tt14356378	tvEpisode	Galit	Galit	0	2021		30	Action,Crime,Drama
tt4570756	tvEpisode	Episode dated 21 April 2014	Episode dated 21 April 2014	0	2014			Talk-Show
tt30489285	tvEpisode	Episode #1.2968	Episode #1.2968	0	1991		60	News
tt1657645	tvEpisode	Changeling/Happy-Go-Lucky/Quantum of Solace	Changeling/Happy-Go-Lucky/Quantum of Solace	0	2008			News
tt2263054	tvEpisode	Episode #1.116	Episode #1.116	0	2008			Crime,Drama,Mystery
tt14067492	tvEpisode	Mayura erupts in rage	Mayura erupts in rage	0	2020			Drama
tt8382806	tvEpisode	Episode dated 13 February 2016	Episode dated 13 February 2016	0	2016			
tt21972834	video	AAW EPIC the 18th Anniversary Event	AAW EPIC the 18th Anniversary Event	0	2022			Sport
tt2839816	tvEpisode	Episode dated 9 July 1990	Episode dated 9 July 1990	0	1990			News
tt23667890	tvEpisode	Episode #1.27	Episode #1.27	0	1960			Drama,Romance
tt6964446	tvEpisode	EXO K-POP Idol Baekhyun Makeup	EXO K-POP Idol Baekhyun Makeup	0	2016			Reality-TV
tt7652972	tvMovie	Courage & Patience & Grit: Great Big Sea in Concert	Courage & Patience & Grit: Great Big Sea in Concert	0	2006		78	Music
tt1090997	tvEpisode	De herinnering	De herinnering	0	1993		52	Comedy,Crime,Drama
tt13350536	tvEpisode	Episode dated 28 October 2020	Episode dated 28 October 2020	0	2020			News
tt9628876	tvEpisode	Episode #1.442	Episode #1.442	0	2009			Action,Adventure,Biography
tt29272319	tvEpisode	Episode #1.5274	Episode #1.5274	0	1978		60	Talk-Show
tt28101798	tvEpisode	Episode #1.845	Episode #1.845	0	2023			Drama,Romance
tt0686421	tvEpisode	Boomerang Bait	Boomerang Bait	0	1959		30	Action,Crime,Drama
tt1441425	tvMovie	Chaussettes, opus 124	Chaussettes, opus 124	0	2009		95	
tt29981183	tvEpisode	Uber Jalopy	Uber Jalopy	0	2023			Comedy
tt1581280	video	Floating Point	Floating Point	0	2009		2	Animation,Fantasy,Music
tt12147166	tvEpisode	Schoko Cookies Essen (Let's Eat) mit französischem Akzent - (Deutsch/German)	Schoko Cookies Essen (Let's Eat) mit französischem Akzent - (Deutsch/German)	0	2016			Reality-TV
tt22741054	tvEpisode	Episode #6.31	Episode #6.31	0	2019			Talk-Show
tt36009216	tvEpisode	Buying the Dream	Buying the Dream	0	2022			Sport
tt14413704	tvEpisode	Episode #1.103	Episode #1.103	0				
tt0388925	tvSpecial	The Evening Standard Theatre Awards 2003	The Evening Standard Theatre Awards 2003	0	2003			
tt8785410	tvEpisode	Episode #1.11496	Episode #1.11496	0	2018		36	Drama,Romance
tt0667654	tvEpisode	Guilt Trip	Guilt Trip	0	2005		22	Comedy
tt14438998	tvEpisode	Episode dated 12 April 2021	Episode dated 12 April 2021	0	2021			News
tt0099435	video	Original Dirty Pair: Flight 005 Conspiracy	Original Dirty Pair: Flight 005 Conspiracy	0	1990		55	Action,Adventure,Animation
tt2626048	tvEpisode	Andie McDowell/Jeff Garlin/David Wilcox	Andie McDowell/Jeff Garlin/David Wilcox	0	1994		57	Comedy,Music,Talk-Show
tt1066364	tvSeries	El destape	El destape	0	2007		50	Game-Show
tt8798912	tvEpisode	Liam et le petit monstre	Liam et le petit monstre	0				Animation,Comedy,Family
tt3867874	tvEpisode	Unlocking	Unlocking	0	2008		86	Documentary
tt1392212	movie	Prachanda Kulla	Prachanda Kulla	0	1984		149	
tt7129882	tvEpisode	Coast to Coast 1	Coast to Coast 1	0	2001		21	Action,Crime,Reality-TV
tt11322534	tvEpisode	LOL (Living Out Loud)	LOL (Living Out Loud)	0	2019			Animation,Comedy
tt0219682	movie	303 Fear Faith Revenge	303 Fear Faith Revenge	0	1999		90	Horror,Mystery
tt26733367	video	Famous Authors: Virginia Woolf	Famous Authors: Virginia Woolf	0	1985		30	Documentary,Short
tt0268475	tvMovie	My Government and I	My Government and I	0	2000		60	Comedy
tt13940096	tvEpisode	Episode #1.74	Episode #1.74	0				Drama
tt8933374	tvEpisode	Episode #3.204	Episode #3.204	0	1965			Music
tt26451857	tvEpisode	Episode #1.578	Episode #1.578	0			60	Comedy
tt4673854	tvSeries	Kasetsu Collector Z	Kasetsu korekuâ Z	0	2015			
tt10180920	tvEpisode	Episode #4.128	Episode #4.128	0	2005			Drama
tt9071872	tvEpisode	Kak doveriye mozhet ispolnit' mechtu	Kak doveriye mozhet ispolnit' mechtu	0	2017		3	Animation,Documentary
tt30333756	tvEpisode	Jackson	Jackson	1	2006			Adult
tt7760922	tvEpisode	Making the Cut	Making the Cut	0	2017		65	Game-Show,Reality-TV
tt13075674	tvEpisode	Zoran Cvijanovic	Zoran Cvijanovic	0	2003			Documentary
tt8888832	tvEpisode	Episode #1.7	Episode #1.7	0	2015			Drama,Romance
tt14664102	tvEpisode	I didn't kill anyone	I didn't kill anyone	0	2021			Crime,Drama,Mystery
tt10872676	tvEpisode	Episode dated 30 August 2019	Episode dated 30 August 2019	0	2019			News
tt4953282	short	Unauthorised Tears	Unauthorised Tears	0	2015		4	Drama,Short
tt13968576	tvEpisode	Arven	Arven	0	2021			Documentary
tt12399680	tvEpisode	Episode #1.103	Episode #1.103	0				Animation,Comedy,Family
tt0480059	short	Wrong Answer	Wrong Answer	0	2005		7	Short,Thriller
tt32636716	tvEpisode	Episode #5.5	Episode #5.5	0	2023			Family,Game-Show,Reality-TV
tt4296450	tvEpisode	Episode #3.17	Episode #3.17	0	2015			Comedy,Drama,Romance
tt14469886	tvEpisode	Episode dated 3 June 2010	Episode dated 3 June 2010	0	2010			Game-Show,Reality-TV
tt15642974	tvEpisode	18. juni 2018 kl. 22:05	18. juni 2018 kl. 22:05	0	2018			News
tt6294554	short	The Smell of Coffee	The Smell of Coffee	0	2016		11	Drama,Family,Romance
tt9726358	tvEpisode	Episode #1.218	Episode #1.218	0	2010			Romance
tt35616151	tvEpisode	Episode #1.789	Episode #1.789	0	2024			Drama
tt3536484	tvEpisode	Episode #11.25	Episode #11.25	0	2007			Talk-Show
tt30828135	tvEpisode	Acceptance	Acceptance	0	2024		60	Reality-TV
tt10810898	tvEpisode	Bits and Pieces - Leaves and Seeds	Bits and Pieces - Leaves and Seeds	0	2018		25	Family
tt12983098	tvEpisode	Episode #1.337	Episode #1.337	0				Romance
tt2731574	tvEpisode	Episode #1.6585	Episode #1.6585	0	2013		30	Drama,Romance
tt6815568	tvEpisode	Episode #1.53	Episode #1.53	0	2002			Comedy,Drama,Romance
tt33022119	tvEpisode	PBB Gen 11 New Journey	PBB Gen 11 New Journey	0	2024			Game-Show,Reality-TV
tt1135681	tvEpisode	Episode #7.35	Episode #7.35	0	2007		60	Comedy,Talk-Show
tt9309456	tvEpisode	Episode #1.110	Episode #1.110	0	2003		30	Drama,Romance
tt35027302	tvEpisode	Episode #1.91	Episode #1.91	0	2023			Drama,Fantasy
tt30279823	tvEpisode	Episode #1.1499	Episode #1.1499	0	1974		120	Game-Show
tt11191356	movie	Dear Future Children	Dear Future Children	0	2021		89	Biography,Documentary
tt18375192	movie	Seducing a country girl	Seducing a country girl	0	2020		93	
tt4005566	tvEpisode	All About Poo	All About Poo	0	2013		21	Documentary
tt10150860	movie	Untitled New Years Romantic Comedy	Untitled New Years Romantic Comedy	0				Romance
tt28268015	short	Beneath the Tears: An Ex Story	Beneath the Tears: An Ex Story	0	2023		10	Drama,Short
tt18233492	tvEpisode	Episode #1.5	Episode #1.5	0	2021			Thriller
tt32729811	tvEpisode	Episode #1.1	Episode #1.1	0	2002			History
tt11261576	short	Bloodlines	Bloodlines	0	2020			Drama,Short
tt6352726	tvSeries	Burning Flame III	Burning Flame III	0	2009	2009	45	Action
tt0145067	short	Maquinaria y técnicas	Maquinaria y técnicas	0	1966		4	Documentary,Short
tt19880894	movie	Christmas Eve Again	Christmas Eve Again	0				Comedy
tt7728886	short	Reverse Cowbell: Gettin' Lost	Reverse Cowbell: Gettin' Lost	0	2017			Music,Short
tt4587742	tvEpisode	Episode #27.13	Episode #27.13	0	2014			Sport
tt34459181	tvEpisode	El Joker de Francisco	El Joker de Francisco	0	2024			Reality-TV
tt4865652	tvEpisode	It's Going to Be Hard to Scream for Help with a Great Big Sock Stuffed in Your Mouth!	It's Going to Be Hard to Scream for Help with a Great Big Sock Stuffed in Your Mouth!	1	2015			Adult
tt14849768	tvEpisode	Socialist TikToker Neekolul Says TAX THE RICH Only Means Billionaires Then Buys $2 Million Apartment	Socialist TikToker Neekolul Says TAX THE RICH Only Means Billionaires Then Buys $2 Million Apartment	0	2021			News,Talk-Show
tt32776633	movie	I Made a Vow	I Made a Vow	0	2003		52	Documentary
tt33398270	tvEpisode	Episode dated 30 September 2024	Episode dated 30 September 2024	0	2024			News,Talk-Show
tt4087862	video	Writing for Students: Writing Expository Essays	Writing for Students: Writing Expository Essays	0	2006		23	Short
tt15461482	tvEpisode	Episode #10.118	Episode #10.118	0			30	Drama
tt6042192	tvEpisode	Episode #1.3	Episode #1.3	0	2009			Drama
tt15942912	tvEpisode	Episode #17.91	Episode #17.91	0				Drama
tt0933926	tvEpisode	Perfect Match	Perfect Match	0	1997			Crime,Documentary
tt3263214	short	Kashmakash	Kashmakash	0	2013		23	Comedy,Crime,Drama
tt6355356	tvEpisode	Islands Part 2: Whipple the Happy Dragon	Islands Part 2: Whipple the Happy Dragon	0	2017		11	Action,Adventure,Animation
tt21895698	tvEpisode	Episode #1.6075	Episode #1.6075	0				
tt35059764	tvEpisode	The Cube - Part Eight	The Cube - Part Eight	1	2019			Adult
tt2299993	tvEpisode	MoreHorror Interview with Rob Tobin by Stan Goodrich	MoreHorror Interview with Rob Tobin by Stan Goodrich	0	2012			News,Talk-Show
tt9518430	tvShort	Calvin Klein - New York Fashion Week	Calvin Klein - New York Fashion Week	0	2017			Short
tt1231571	tvEpisode	Episode #9.86	Episode #9.86	0	2008			News,Talk-Show
tt3670818	tvEpisode	Jean-Claude Van Damme/Margaret Colin/Jonny Lang	Jean-Claude Van Damme/Margaret Colin/Jonny Lang	0	1997		57	Comedy,Music,Talk-Show
tt5113098	video	MILF la serie	MILF la serie	0	2015		8	Short
tt15574596	tvEpisode	Episode #1.2	Episode #1.2	0	2019			Comedy
tt35570431	tvEpisode	Condition Critical	Condition Critical	0	2024			Documentary
tt2122351	short	Heat	Heat	0	2009		15	Drama,Short
tt24202040	tvEpisode	10 Years on Youtube	10 Years on Youtube	0	2022		9	Comedy
tt11879572	short	Playback	Playback. Ensayo de una despedida	0	2019		14	Documentary,Drama,Short
tt9688582	tvEpisode	A Goon Christmas Part 1	A Goon Christmas Part 1	0	2012			Animation
tt2254459	tvEpisode	Ausgabe 162	Ausgabe 162	0	2012			Talk-Show
tt14699162	tvEpisode	Episode #1.315	Episode #1.315	0				Drama
tt13172788	tvEpisode	Episode #9.2	Episode #9.2	0			60	Drama,Talk-Show
tt2731690	tvEpisode	Dude, Where's My Clutter	Dude, Where's My Clutter	0	2005			Reality-TV
tt1814652	movie	Borderline	Borderline	0	2010			Documentary
tt15077442	tvEpisode	Kelsey Rachelle Hewitt Destroys an Ice Cream Truck and Gets Grounded	Kelsey Rachelle Hewitt Destroys an Ice Cream Truck and Gets Grounded	0	2021			Animation,Comedy
tt15120640	tvEpisode	Trine 2 - Episode 28	Trine 2 - Episode 28	0	2017			
tt9661800	short	Lysheha	Lysheha	0	2014		18	Documentary,Short
tt1045233	movie	Le tre ombre	Le tre ombre	0	1921			
tt9747960	tvSeries	Kultus	Kultus	0	2019	2019	42	Action
tt0098820	tvSeries	Have I Got News for You	Have I Got News for You	0	1990		29	Comedy,Game-Show,News
tt6924202	tvEpisode	Episode #1.83	Episode #1.83	0	2008			Drama,History
tt33295881	tvEpisode	AUTO OP ZIJN KOP | AANHOUDING VERDACHTE IN DE HORECA | POLITIE	AUTO OP ZIJN KOP | AANHOUDING VERDACHTE IN DE HORECA | POLITIE	0	2018			Action,Crime,Documentary
tt0114024	movie	Object of Obsession	Object of Obsession	0	1994		91	Drama
tt8869884	short	You Won't Get Her, Bastard	No te la llevarás, maldito	0	1989		2	Drama,Short
tt10221358	tvEpisode	Episode #1.14	Episode #1.14	0	2017			Comedy,Drama,Romance
tt13930780	movie	Ali: The Lost Tapes	Ali: The Lost Tapes	0	2020		61	Documentary
tt35676494	tvEpisode	Episode #5.33	Episode #5.33	0	2025			Comedy
tt8230202	tvEpisode	Episode #1.55	Episode #1.55	0	2005			Action,Adventure,Drama
tt2629344	tvEpisode	Episode #1.11	Episode #1.11	0	2011			Documentary
tt9697798	tvEpisode	Episode dated 31 January 2019	Episode dated 31 January 2019	0	2019			News,Reality-TV,Talk-Show
tt9534800	tvEpisode	Episode dated 14 May 2017	Episode dated 14 May 2017	0	2017		100	Talk-Show
tt2823082	movie	A Place Called Robertson	A Place Called Robertson	0	2013		72	Biography,Documentary,History
tt5445112	tvEpisode	Episode #35.110	Episode #35.110	0	2016			News,Talk-Show
tt6357440	short	The Batman: A Fan Film	The Batman: A Fan Film	0	2013		5	Action,Sci-Fi,Short
tt1065223	tvEpisode	Episode #1.3613	Episode #1.3613	0	2007			Drama,Family
tt23870752	tvEpisode	Episode #1.1055	Episode #1.1055	0	2022			Drama,Romance
tt32294338	tvEpisode	Episode #1.7347	Episode #1.7347	0	1984		60	Drama,Romance
tt32436939	tvEpisode	Episode dated 22 September 1989	Episode dated 22 September 1989	0	1989			Music
tt13028640	short	Cry	Cry	0	2018			Music,Short
tt28639731	tvEpisode	James Huntsman 3	James Huntsman 3	1	2012			Adult
tt2013246	movie	Miroslaw Hermaszewski	Miroslaw Hermaszewski	0	1978			Biography,Documentary
tt0998548	tvEpisode	Episode #3.246	Episode #3.246	0	1969			Talk-Show
tt21606118	tvEpisode	Episode #1.874	Episode #1.874	0				Game-Show,Music,Talk-Show
tt11565044	tvEpisode	Rainbow Castle People	Rainbow Castle People	0	2020		29	Comedy,Drama,Romance
tt20918884	tvEpisode	FNAF Security Breach in a Nutshell, Freddy and Gregory vs Guard Girl	FNAF Security Breach in a Nutshell, Freddy and Gregory vs Guard Girl	0	2022		1	Animation
tt34339403	tvEpisode	Episode dated 28 October 2024	Episode dated 28 October 2024	0	2024			News
tt14298112	tvEpisode	Episode #3.10	Episode #3.10	0	2021		56	Game-Show,Reality-TV
tt27989431	tvEpisode	Episode #14.103	Episode #14.103	0	2023		60	News,Sport,Talk-Show
tt2220989	tvEpisode	Come Back Little Magilla	Come Back Little Magilla	0	1964		7	Animation,Family
tt13692712	tvEpisode	Episode dated 1 May 1999	Episode dated 1 May 1999	0	1999			Comedy,Sport,Talk-Show
tt1431978	tvEpisode	Há Negócios... e Negócios	Há Negócios... e Negócios	0	2002			
tt0565659	tvEpisode	The Big High	The Big High	0	1967		30	Crime,Drama,Mystery
tt5705980	short	Under the Flight Path	Under the Flight Path	0	2016		18	Biography,Comedy,Drama
tt28600432	movie	Cult Wars: Episode III - Sith Hits the Fan	Cult Wars: Episode III - Sith Hits the Fan	0	2024			Comedy
tt1127722	video	Undead Boot Camp	Undead Boot Camp	0	2007		12	Documentary,Short
tt1145508	tvSeries	London Expedíció	London Expedíció	0	2007			Comedy
tt30267062	movie	My Christmas Threesome	My Christmas Threesome	0	2023		77	Drama
tt10526148	tvEpisode	Kaisen zen'ya	Kaisen zen'ya	0	1980			Drama
tt32383362	tvEpisode	Who Gets SMASHED?! PCB Plays Pickleball!	Who Gets SMASHED?! PCB Plays Pickleball!	0	2024		8	Comedy
tt10763914	movie	Dilsiz	Dilsiz	0	2019		94	Drama
tt5581696	movie	Un Cristo en el Pueblo	Un Cristo en el Pueblo	0	2016		104	Comedy,Drama,Musical
tt3048568	tvEpisode	Episode dated 30 March 1977	Episode dated 30 March 1977	0	1977			News
tt28277104	tvEpisode	Episode #1.26	Episode #1.26	0	1965			
tt5284152	tvEpisode	Sightseers	Sightseers	0	2012			Family
tt14837976	tvEpisode	Charity is the Key Part III	Charity is the Key Part III	0	2020			Comedy
tt10395942	tvEpisode	Episode #1.253	Episode #1.253	0	2014		23	Family
tt11145976	short	College Bunk	College Bunk	0	2019			Drama,Short
tt10757652	tvEpisode	Office Spaces	Office Spaces	0	2020		9	Comedy
tt21262622	short	Road to Chicago: A Bomb Squad Road Trip	Road to Chicago: A Bomb Squad Road Trip	0	2022		27	Documentary,Short
tt2296693	video	Coffee Run	Coffee Run	0	2011		71	Comedy,Sci-Fi
tt20355544	tvEpisode	Fósiles	Fósiles	0	2021			Family
tt27523496	tvMovie	A Taste of Crime	Le goût du crime	0	2023		89	Crime
tt12619890	tvEpisode	Ju Wai Ren	Ju Wai Ren	0	2020		35	Crime,Drama,Thriller
tt20753994	short	One Dream	One Dream	0	2018			Drama,Short
tt4340462	tvEpisode	Episode dated 21 January 2015	Episode dated 21 January 2015	0	2015			News,Talk-Show
tt0426554	short	Push	Push	0	2004		16	Drama,Short
tt1552654	movie	The Four Roughnecks	Abayo dachikô	0	1974		95	Action,Crime
tt24829662	tvEpisode	Episode #3.10	Episode #3.10	0	2022			Drama
tt10378374	tvEpisode	Episode #2.11	Episode #2.11	0	2018			Thriller
tt0947888	tvEpisode	Dialogue de sourds	Dialogue de sourds	0	2004			Crime,Thriller
tt4644120	tvSeries	Teatral	Teatral	0	2015	2015	25	Documentary
tt1759688	movie	Moro Pirates	Moro Pirates	0	1931			
tt2248981	movie	Per l'amor di Dio	Per l'amor di Dio	0	2012		70	Documentary
tt8111264	tvEpisode	Episode dated 13 November 2017	Episode dated 13 November 2017	0	2017			Talk-Show
tt9884082	short	Antharam	Antharam	0	2019			Drama,Short
tt12365830	tvEpisode	Episode #3.212	Episode #3.212	0				Reality-TV
tt14364006	tvEpisode	The Real Lesbian Orgasm	The Real Lesbian Orgasm	1	2017		24	Adult
tt4183046	movie	Mind Matters	Mind Matters	0	2014		56	Documentary,Drama
tt3239258	tvEpisode	Children's Health and the Environment	Children's Health and the Environment	0	2003			Documentary
tt0787223	movie	Tomboy	Tomboy	0	1955			
tt8794692	tvEpisode	Episode #1.112	Episode #1.112	0	1971		45	
tt5377798	tvEpisode	Episode dated 6 June 2013	Episode dated 6 June 2013	0	2013			Comedy,Documentary,Talk-Show
tt10757574	tvEpisode	Episode dated 13 June 2018	Episode dated 13 June 2018	0	2018			Comedy,Game-Show,News
tt0582349	tvEpisode	Bad Dog	Bad Dog	0	1998		22	Comedy
tt8142172	tvEpisode	Folge 2222	Folge 2222	0	2004			Animation,Comedy,Family
tt14725176	tvEpisode	Limited Edition S'mores Oreo Review!	Limited Edition S'mores Oreo Review!	0	2021			
tt7607400	tvSpecial	Luciano Mellera: Infantiloide	Luciano Mellera: Infantiloide	0	2018		66	Comedy
tt14244520	tvEpisode	Doing More Than Home Work	Doing More Than Home Work	1	2021		28	Adult
tt7645030	tvEpisode	Episode #15.18	Episode #15.18	0	2017			Game-Show
tt7271002	tvEpisode	Un heureux dénouement	Un heureux dénouement	0	1991			Comedy
tt14293774	tvEpisode	Episode #1.54	Episode #1.54	0	2021			News
tt15827046	tvEpisode	Episode #1.2822	Episode #1.2822	0			60	Comedy,Game-Show,Talk-Show
tt15305778	video	Khich Ghuggi Khich	Khich Ghuggi Khich	0	2010			Comedy
tt6242996	tvEpisode	Episode #1.2	Episode #1.2	0	1970			Drama
tt8481572	tvEpisode	Episode #1.85	Episode #1.85	0	1995			
tt10952964	tvEpisode	Episode #18.3	Episode #18.3	0	2017			Game-Show,Reality-TV
tt3743398	short	The Back of My Life	The Back of My Life	0	2014		36	Biography,Documentary,Short
tt23458154	tvSeries	Rudis Rabenteuer	Rudis Rabenteuer	0	2022		11	Family
tt15807800	tvEpisode	10 Things You Didn't Know About Halloween '78'	10 Things You Didn't Know About Halloween '78'	0	2021		18	Talk-Show
tt2500518	tvEpisode	Episode #1.332	Episode #1.332	0	2012			Music
tt5088104	tvEpisode	Episode #2.7	Episode #2.7	0	2010			Drama
tt7549844	tvEpisode	Episode #16.54	Episode #16.54	0	2017		30	Game-Show
tt15873250	tvEpisode	14. desember 2017	14. desember 2017	0	2017			Family
tt32097532	tvEpisode	Our Battles with Yoko Ono - Former Staffers John Lennon | Fred Seaman May Pang & Michael Medeiros	Our Battles with Yoko Ono - Former Staffers John Lennon | Fred Seaman May Pang & Michael Medeiros	0	1991			Talk-Show
tt33311272	tvEpisode	RoseMarie Terenzio/Diane Macedo/Milly Almodovar/Sofi Tukker	RoseMarie Terenzio/Diane Macedo/Milly Almodovar/Sofi Tukker	0	2024		60	News,Talk-Show
tt10561052	tvEpisode	Episode #2.166	Episode #2.166	0	2014			Drama,Romance
tt33514937	tvEpisode	Pregnant at 50	Pregnant at 50	0	2023			Drama
tt1949781	tvEpisode	Episode dated 27 May 2002	Episode dated 27 May 2002	0	2002			Talk-Show
